#{"t_start": 1730106924.3697333, "env_id": null}
r,l,t,d
-19980.489006,588,5.970227,9.163350096867484
-12663.006037,304,8.01855,10.30261243663082
-19079.838385,447,11.074655,10.984123950536603
-11604.242599,269,12.912677,10.586736620248733
-10411.880707,333,15.253696,8.804453405508536
-12120.464978,286,17.386549,10.67413750754415
-11400.944178,292,19.646591,11.135266069226644
-10554.937165,311,21.826714,10.49736861335939
-22120.18949,719,26.869301,11.110097970458085
-12820.227652,305,29.031534,10.114447478245545
-14413.356233,659,33.844727,8.468381041939555
-10995.739134,288,35.835847,11.228730559226632
-17563.032685,973,43.088849,8.053025394692574
-73822.042189,3920,71.759138,8.469998158346295
-37616.514943,2731,91.186897,5.711288854600657
-31063.974233,1043,98.935789,11.281131395463131
-19238.264575,622,103.243424,10.993589155798837
-22580.36677,533,106.985933,11.195866357678753
-14931.761322,513,110.651231,10.261981063214382
-27342.629849,952,117.158368,11.234685532251284
-18488.051951,455,120.28767,11.706378787099737
-16444.904466,532,123.920614,10.886917117228554
-19567.035314,485,127.144334,10.67709734468307
-78551.099947,1983,140.637741,10.984357559309261
-12936.979711,329,142.768515,11.53115321511824
-15911.742099,387,145.302419,10.0202578040662
-33971.653113,1717,156.787599,1.8813101909085908
-19544.988625,476,160.00904,10.892613520032361
-11553.713388,268,161.996189,10.902436012488897
-12270.480851,300,164.025997,10.615165481059861
-16070.299113,386,166.624095,10.008040359589732
-11558.044726,279,168.509218,10.726398378405058
-12258.943919,286,170.434596,10.868882803300806
-11419.403325,273,172.251513,10.762863175758014
-11984.17323,291,174.224426,10.645194684192953
-11211.499687,258,175.951772,10.936945889410122
-11989.263707,278,177.754122,10.989373281618773
-11946.659894,283,179.592878,11.004074292236641
-11758.64171,273,181.388916,10.967208204608303
-12322.3865,286,183.271643,10.769630217830922
-12849.375829,312,185.390674,11.011569578599687
-11547.909691,272,187.233201,10.925083725062736
-13761.836584,330,189.445101,10.752769488099304
-12807.015261,298,191.482264,11.193953359511147
-12159.277938,282,193.350266,11.032246306272118
-12473.973827,290,195.233181,11.047149923624811
-14406.550849,354,197.557587,10.968902039495998
-12956.32794,304,199.511352,11.087010271960189
-13919.288273,327,201.648875,11.086995082298415
-13353.524698,328,203.754666,10.942730454367975
-12067.876328,279,205.560933,11.134715001349416
-12517.145238,291,207.463521,11.134470219804838
-13275.510764,323,209.649,10.9266991591201
-13034.328175,306,211.659028,11.17812814764122
-12823.534912,298,213.63344,11.209585163238575
-13150.363328,321,215.811981,11.001266960789842
-12461.303676,291,217.752294,11.110026279415479
-18323.220583,454,220.755353,9.768201921547558
-12894.656854,303,222.78674,11.131519853321805
-13065.246148,304,225.223442,11.206188341820681
-14058.742555,332,227.444379,11.343549366533148
-13203.030898,308,229.521522,11.340048999075227
-13917.887725,339,231.787678,11.08312403198314
-13956.304282,336,234.005337,11.173204986532472
-13085.382018,303,236.042095,11.3225806292146
-13147.084072,322,238.152682,10.778730067422565
-15037.181856,368,240.53849,11.036773825534421
-12250.13327,283,242.401262,11.177111088113577
-14928.719188,352,244.747754,11.035146961615682
-13864.483156,331,246.955525,11.16839725548303
-14599.847723,353,249.310152,11.194612494902252
-13605.886211,322,251.464755,11.11664526615354
-22404.190792,552,255.108389,9.565821841300409
-14826.829069,363,257.468507,11.233722828913933
-15027.600591,368,259.882218,11.16478874724307
-12986.384883,302,261.825818,11.318739664784829
-15722.77223,380,264.305985,9.53842778897019
-13181.569952,306,266.278634,11.278255778683636
-20620.551944,986,272.776551,6.166473369409231
-14472.025075,355,275.095891,11.149067460350693
-13953.416612,326,277.265758,11.449772826504422
-13553.924001,330,279.399842,11.198227653213713
-16005.560706,392,281.963833,11.08157164415018
-31253.902111,1184,290.732626,6.251640676038991
-15392.520497,364,293.430679,11.488986390756676
-13508.103649,316,295.743132,11.460027435873496
-15107.981201,369,298.381433,11.308053299327582
-14662.999891,346,300.81825,11.171147587934074
-12322.79072,288,302.819759,10.75515800196277
-15967.301114,396,305.667545,11.114664658286543
-14718.005823,356,308.15915,11.385079727614556
-14389.571831,366,310.73122,9.314909061986846
-14772.930369,360,313.515451,11.253185096142586
-14504.530041,340,316.285431,11.492290916904595
-17717.282682,433,319.504179,11.65736723755961
-13984.415545,327,321.819931,11.440560113963814
-16110.59162,382,324.588752,11.196743752164268
-15823.033559,384,327.473125,11.506923599279252
-14334.444373,334,329.943064,11.431100318302303
-13445.989833,314,332.32525,11.490592220047155
-16705.992349,414,335.552918,11.7334300029451
-15688.324409,385,338.506752,11.265797672817413
-18217.075199,455,341.857332,11.306759235112898
-25949.704291,916,348.666569,5.921604557419028
-18957.032919,463,352.171228,11.383036763821595
-16152.459749,398,355.065943,11.375605819125628
-13243.082976,308,357.37062,11.27100438908203
-13514.02341,316,359.726323,11.447006231126213
-17429.529762,430,362.953253,11.19126595433039
-15775.369525,376,365.8238,11.359264338438882
-26625.309203,672,371.032671,11.477158035408543
-16840.581955,411,374.197654,11.39459201879581
-15250.618558,381,377.116671,11.437756671805325
-17584.37927,426,380.36324,11.284764811133893
-15124.030912,355,383.006496,11.541923114887815
-17752.804625,566,386.971661,9.067122360133066
-13888.344683,873,393.130879,4.07804424744768
-16151.313274,398,395.909271,11.3719532104557
-16367.467642,396,398.653111,11.132141285126966
-17321.448911,408,401.473563,11.343564108640265
-17928.556738,441,404.5286,11.299691544731548
-15390.537099,376,407.169976,11.329260652518585
-16089.970616,413,410.044174,11.28257258622922
-16665.044334,408,412.89208,11.286194498204269
-18155.28823,461,416.116868,11.259905875310515
-19448.805476,499,419.589134,11.13295183100644
-17885.751692,432,422.633706,11.572437940838476
-21256.876545,531,426.417468,11.295022615134707
-18337.593228,456,429.58923,11.452194980488972
-53489.629724,1595,440.18951,8.691520836473037
-16406.423126,426,443.044181,10.78910917405439
-34857.679114,2753,461.479903,6.355990494381377
-34242.336055,870,467.391492,11.632913788595914
-23792.271845,608,471.414128,9.076996395544173
-13369.351723,349,473.694798,9.072481436083844
-10441.63515,322,475.861856,8.988056166431896
-38705.121649,2825,494.889046,5.963989020244139
-12842.458581,450,497.934822,8.887849883897697
-24040.737609,926,504.189387,6.057363336323439
-19886.259272,654,508.562143,9.036141905704927
-31813.285549,1090,515.902048,8.99010367429834
-16999.693914,498,519.247113,9.041233426657596
-39431.507074,2246,534.115927,3.9465770908339954
-77679.699965,5001,567.854406,1.369799854455025
-34290.02494,3144,589.67788,5.1729385683848905
-21303.746348,1351,599.374415,4.940933454639981
-27634.94359,825,604.871117,11.573206655126608
-64925.174952,5001,639.588811,3.686257619839709
-21203.414452,655,643.902872,8.821414997893834
-20187.445382,1008,650.474254,5.867134395955983
-96857.010015,5001,683.298447,5.420480049428113
-18718.56257,583,687.065881,8.76516515396476
-15264.313815,504,690.309839,8.757188116151656
-46339.48949,5001,722.643467,4.2528838130989595
-25782.689887,1131,730.104824,5.931927697752465
-23756.245082,653,734.73041,9.279436801524595
-33782.697128,891,740.885874,8.98004326557436
-32974.57068,886,747.201847,9.190650253276022
-67985.460859,5001,791.890646,5.347036219866403
-38404.187056,3430,824.878563,5.967040258800864
-59305.910854,5001,857.629048,4.669591584696671
-41793.383009,3637,882.8847,2.109830376486706
-9856.804366,310,885.031414,8.781226678751729
-19598.170763,1018,892.128224,6.228280503045522
-27713.610627,1460,902.282524,6.111715875282487
-19714.238653,1393,911.935271,5.999269006851387
-46648.45851,3774,938.189526,5.2741985086367045
-84845.869774,3068,959.502512,5.551405024330459
-19986.087315,542,963.263995,9.329278675407394
-40304.824584,2266,979.067602,5.620300909062717
-55224.491412,2904,999.321111,5.7509015798792396
-50362.965486,1819,1011.952279,6.57614290951953
-35178.502468,1468,1022.151761,5.834888244982979
-107298.724091,2636,1040.456621,10.828234595422504
-25186.91971,1102,1048.135086,6.109880586169432
-52318.500732,1745,1060.255985,6.173751438388326
-31087.589052,2139,1075.124949,4.990020864997819
-42231.064521,1855,1087.992449,5.6998973584271875
-30983.836885,2194,1103.271615,5.931986489972415
-37386.705929,2344,1121.484899,4.387755522654611
-18906.603462,510,1125.608906,8.870879825720474
-41053.137082,1995,1140.504997,6.110808127077037
-41338.406847,1235,1149.510422,10.098177272833697
-23893.669659,1086,1157.415054,5.8398519265834725
-44600.517519,5001,1192.622601,4.083749928249626
-22719.949119,681,1197.399102,8.699487570997581
-49167.006858,4427,1228.610019,0.4265147230998365
-25704.63842,1383,1238.358437,6.33755031938378
-19964.925344,1141,1246.393087,5.891027054693954
-18023.643044,550,1250.258968,8.964183879167763
-21458.712445,854,1256.280041,6.25406453446492
-28834.374778,1171,1264.473916,6.1724804050219415
-16129.343146,425,1267.48318,9.47394347505668
-42600.929651,5001,1305.006094,2.474020702472621
-38403.553787,1122,1313.769903,9.184718126260798
-19437.187117,607,1318.474612,9.078895908627526
-54277.096958,1743,1331.717747,8.795530026804396
-33621.348422,1247,1341.109297,6.210896400102808
-20844.437051,658,1346.400125,9.115068422415142
-13089.240659,338,1348.899871,9.379267948898198
-16272.893427,576,1353.226702,9.125665645034704
-37692.159803,2245,1369.981647,4.584519858062965
-37787.421439,1947,1384.475736,6.262782450456394
-21806.54666,1196,1393.478292,6.09130339540859
-11949.618629,364,1396.189872,9.179005087362288
-18824.606148,467,1399.71692,9.432901478804116
-35831.38165,1105,1408.064198,9.13160793257148
-16930.894484,474,1412.040949,8.886127686707951
-19133.150852,480,1415.508921,9.154071285926326
-25981.208132,1731,1427.84754,6.053784543733086
-18946.577872,541,1431.652759,9.050593436717573
-65964.241332,4266,1461.819676,2.4623857233131003
-13128.292698,374,1464.495549,9.031158200465892
-20899.440896,717,1469.62163,9.176022439676952
-10073.374659,309,1471.834131,9.065120168501045
-14222.436095,488,1475.29657,9.164488170938167
-13070.79214,373,1477.94557,9.065346475682151
-13437.752133,390,1480.703273,8.819638625660176
-12539.826722,358,1483.231454,9.060476676861462
-18566.284394,582,1487.375905,9.166645184274262
-14658.763399,414,1490.318496,8.866541051584916
-12726.610688,366,1492.959574,9.088447014263249
-11874.463589,348,1495.432502,9.112536200702921
-22581.395975,870,1501.610924,6.127312228522087
-24178.510358,1019,1508.877489,6.265795377920651
-14155.72408,395,1511.696594,9.016817096996965
-17501.761413,816,1517.476089,6.043249655875313
-13737.651631,631,1521.986762,5.850864214319463
-13258.050407,613,1526.352564,6.054463497098452
-10594.974886,334,1528.742666,8.778875558651457
-12129.92096,354,1531.242484,9.103944651294674
-16786.510732,821,1537.084252,6.1033255631659165
-17022.498698,781,1542.600038,6.816589928187588
-10408.071135,326,1544.915365,8.75864826595802
-20720.322631,946,1551.887501,7.6245958649384225
-14108.300342,764,1557.653246,6.884976225763221
-14904.491343,771,1563.87539,5.915127797142029
-17830.760252,488,1567.710901,8.791891243343697
-10679.123002,330,1570.264302,8.894197262232058
-15467.503084,731,1575.846402,6.670624301334106
-9889.463202,313,1578.208237,8.759339854061126
-10209.292613,312,1580.597193,9.013292886255073
-9783.631478,303,1582.908298,8.89502568999928
-10880.236071,338,1585.457017,9.186843250091801
-13838.162699,704,1590.782179,6.725125064413247
-15890.688168,861,1597.402416,6.3487581119134955
-9946.174427,307,1600.093828,8.902022092729856
-16258.866135,748,1605.791934,6.659383178299931
-10216.173161,315,1608.163512,8.863390083427406
-10909.62756,330,1610.636802,9.036696859494842
-14094.85072,707,1615.994717,6.749379054873749
-13733.115101,700,1621.314167,6.889049016390237
-14043.980166,707,1626.691339,6.84367773451836
-14818.221227,777,1632.592422,6.795442863285927
-12036.830141,350,1635.238731,9.00098349463994
-11134.608054,337,1638.112868,9.040618070943674
-15383.772637,430,1641.397646,9.134689059160792
-13695.570538,670,1646.431263,8.55485379436032
-14012.734867,709,1651.788738,6.925881999384002
-10965.285436,328,1654.209064,9.083546975858628
-10022.011443,313,1656.481139,8.759317055221986
-13887.246305,704,1661.465761,6.904879567304119
-15713.018273,738,1666.699368,6.628122968174801
-9782.880937,305,1668.872659,8.851142318406533
-15553.81188,434,1671.996328,8.736185442091925
-14359.673889,720,1677.099071,6.997767248173158
-14337.396917,405,1679.988338,8.808663875179798
-13793.790514,704,1684.989199,6.866474150512883
-11062.770603,333,1687.337056,9.108583430588578
-14058.902677,713,1692.406719,7.080531231943619
-19053.692257,814,1698.203,7.9206087603559086
-14343.999608,716,1703.262477,6.867924548852295
-11355.441059,343,1705.718371,9.185949778218026
-10100.508418,315,1707.938345,8.777626616441292
-10182.485934,312,1710.15448,8.9557330915376
-14795.764945,720,1715.293261,6.713110182202358
-14367.918768,771,1720.754746,6.943793052846918
-14128.513945,707,1725.748255,6.909684256820685
-10477.480445,326,1728.065038,8.828116718471184
-14945.994609,849,1734.123025,7.204389979053035
-10274.538787,315,1736.353562,8.97465675378086
-16944.249312,769,1741.812123,7.521100830064398
-11290.362052,339,1744.20871,9.061764168086324
-14452.249631,721,1749.300458,6.918827131575947
-10245.500713,315,1751.512047,8.875814638991447
-14630.516488,728,1756.667701,6.965906228108595
-15270.770719,727,1761.798161,6.656743538715942
-13905.690468,703,1766.775749,6.981673373065048
-10121.612563,318,1769.024189,8.755453559386297
-10928.804159,327,1771.332556,9.037543680953094
-13966.999932,707,1776.332034,6.955568235789894
-10867.306308,326,1778.647112,9.054104668394379
-15023.920014,726,1783.818722,6.734930562284312
-13903.210598,702,1788.768738,6.977778035275842
-10413.925284,321,1791.05059,8.859594096754472
-10339.109517,313,1793.265647,9.021786176337788
-10093.474621,315,1795.494434,8.795365494137057
-17012.729607,1075,1803.100278,7.806021582181286
-10115.682961,318,1805.349676,8.752114394384733
-10062.242769,313,1807.583472,8.802810547004587
-13917.456212,707,1812.577002,6.920100756349241
-10292.600371,325,1814.89094,8.715611645558113
-14897.110694,721,1819.97698,6.760634804601615
-10989.377876,326,1822.258271,9.081191873048887
-10355.803277,314,1824.471728,9.006853500333923
-14900.295931,720,1829.576124,6.747185607333835
-15426.317591,729,1834.767338,6.635214008505855
-13911.78309,704,1839.794869,6.8586195949282915
-13810.132876,702,1844.742958,6.903213827248695
-14024.945536,706,1849.782597,6.910546904981275
-15173.613051,725,1855.198276,6.714167304893966
-10003.626067,315,1857.411602,8.745632355339584
-9984.867615,307,1859.566443,8.890223763701234
-9987.530613,307,1861.765858,8.912399685206505
-9898.543507,307,1863.972281,8.855972044871066
-10327.454961,315,1866.207489,8.99068767030995
-14593.983357,714,1871.285844,6.7639209935221425
-9916.66826,307,1873.454884,8.861792566289804
-10852.392248,323,1875.760379,9.062591762876739
-13974.324706,701,1880.716623,6.9430335476804625
-14073.583164,708,1885.775211,6.761101295859775
-13835.250465,702,1890.770205,6.947708624944332
-10420.528521,315,1892.973848,9.029216803463452
-10032.750564,310,1895.156708,8.910813318045156
-10448.842882,317,1897.441803,9.017475046135488
-10994.060273,326,1899.710731,9.101644601356956
-14078.048695,707,1904.678465,6.852884820789326
-10420.339167,315,1906.890286,9.035416694356778
-15202.953307,727,1912.005496,6.794795206832864
-11346.911066,333,1914.331124,9.082703392993443
-13804.147813,702,1919.40655,6.833883589875162
-13823.123185,704,1924.767168,6.89593083926951
-11290.679107,333,1927.314851,9.082550896304284
-10504.63018,322,1929.747194,8.902300418036344
-15430.984923,729,1935.62153,6.75112622024681
-10389.818839,318,1938.037376,8.956566697465288
-10773.675954,326,1940.471758,9.049128906912618
-14849.046207,718,1945.94971,6.6401249572440495
-10244.098318,317,1948.349286,8.895065770830687
-14692.841152,718,1953.879348,6.7753240186246435
-10430.878593,324,1956.410281,8.844599121848791
-13927.403742,707,1961.677816,6.909454049335203
-14076.36786,707,1967.338181,6.9369932589562735
-13766.6219,704,1972.601001,6.860832654667595
-11048.017574,331,1975.121081,9.088259894504628
-15101.688325,722,1980.563738,6.682173116920644
-14324.669103,710,1985.608338,6.817921609902574
-14559.376841,716,1990.688104,6.744817316674046
-10439.40346,315,1992.895179,9.054598124143649
-13809.889733,704,1997.866496,6.937441838967445
-14741.603542,717,2002.928947,6.726210505369332
-15069.589567,721,2007.987933,6.7836630114833465
-14184.169423,708,2012.98207,6.820485130917236
-14964.063555,722,2018.090287,6.757738643571477
-14730.239845,723,2023.200084,6.979360109418823
-10675.259248,323,2025.459857,9.002149701537483
-14836.778479,720,2030.547804,6.701581796919333
-14157.980649,714,2035.592584,7.0105923056493165
-15377.772822,731,2040.720818,6.7901385183600365
-11576.756209,340,2043.121927,9.06029317132122
-14094.25577,712,2048.133478,6.9233248747125495
-14479.589053,723,2053.207784,7.058996023275842
-10294.510426,319,2055.45943,8.862285585237604
-14681.308955,733,2060.637603,7.315967563559895
-15430.28909,733,2065.811608,6.62111139162101
-10690.161922,325,2068.12626,9.02364102489839
-11306.215972,335,2070.501589,9.064078318933028
-13983.420891,711,2075.53162,6.942988042115655
-10315.002566,320,2077.750806,8.856633543670666
-14281.92285,718,2082.802856,6.958257988135024
-10535.605284,326,2085.119859,8.862536582892849
-10648.680214,328,2087.426621,8.946747786249325
-11113.684445,335,2089.789261,9.035474293926853
-15034.932057,725,2094.890248,6.819268776301104
-10938.561413,330,2097.208056,9.033048024868455
-14349.018492,722,2102.282319,6.895361933254564
-11885.354278,347,2104.69888,9.09019733042536
-15533.752971,738,2109.897868,6.7244660687626485
-14801.707664,725,2115.047405,6.734605101301154
-14468.668108,718,2120.088237,6.874760307570709
-14004.714808,710,2125.03789,6.931429278165985
-14566.205545,721,2130.116716,6.762373817690661
-15164.121281,729,2135.251848,6.6392003653981355
-10981.436035,331,2137.558048,9.06225883988337
-10319.232743,318,2139.788039,8.925249257554634
-14994.159732,727,2144.889951,6.697756916401696
-10184.485906,317,2147.103518,8.887984554053665
-10301.86876,316,2149.344265,8.966521216915218
-11289.960762,340,2151.714057,9.0433961698205
-14373.36662,713,2156.686928,6.733609004728354
-14101.426374,712,2161.692436,6.91507353111823
-11349.84754,338,2164.077089,9.081583537838416
-15068.609984,727,2169.651159,6.623463778846162
-10420.230546,322,2172.134241,8.921907923637287
-10722.046375,339,2174.640857,8.725318207634425
-11336.667318,340,2177.195897,9.057644667337625
-15187.317862,730,2182.946799,6.709816242536858
-14546.746436,727,2188.435859,6.795594995597657
-15789.449735,741,2194.027006,6.624330438074313
-10380.419378,321,2196.470025,8.924950583061598
-11295.95006,337,2198.964152,9.052963673595405
-10760.72087,329,2201.458126,8.97850079121066
-14402.354475,723,2206.839502,6.8793863293162865
-14721.645087,732,2212.421692,6.902262827064378
-14386.082633,724,2217.865668,6.9482599683832005
-10408.965375,325,2220.53709,8.861438563358401
-14227.737682,718,2225.898169,6.946772481564767
-14952.070287,741,2231.132067,6.979029453291843
-10696.274164,337,2233.503658,8.787899820490184
-15494.69056,737,2238.732537,6.672563487292792
-15677.367864,742,2243.953118,6.708563093087148
-14723.346445,731,2249.102862,6.821353715653418
-11506.315822,345,2251.535246,9.059997978113202
-11701.772813,348,2253.983916,9.066406581174643
-16078.492105,753,2259.317962,6.713972654093389
-10413.739381,323,2261.56777,8.940663824247116
-14430.142525,720,2266.671357,6.966724288832883
-10422.947871,323,2268.922409,8.866396606050763
-10540.505885,325,2271.184336,8.947650699859516
-14837.085998,736,2276.335655,6.904715431167036
-10552.258922,326,2278.605852,8.934731924093184
-15900.087313,747,2283.847999,6.561209912838021
-14943.05624,739,2289.05577,7.091784064603383
-10889.070407,335,2291.4092,8.97589002136015
-10674.400708,330,2293.743139,8.927081268789594
-14279.59039,720,2298.824684,6.833528365682827
-11413.038665,342,2301.237669,9.055336059938575
-11297.005242,339,2303.62605,9.066965850061802
-11503.756515,342,2306.03866,9.040548361602163
-14256.712,721,2311.082088,6.7373815522553615
-14920.974912,727,2316.188683,6.745545915367042
-10659.722298,329,2318.504951,8.98176025566968
-10905.189837,335,2320.850601,8.982995406799306
-14482.030909,724,2325.946331,6.990096328609273
-14588.765152,730,2331.075316,6.954195110106475
-14357.199701,715,2336.110471,6.968655821286603
-14095.288424,716,2341.144777,7.15686197141139
-15549.530541,739,2346.354542,6.721952632157354
-10364.249588,325,2348.628645,8.862406812991324
-14558.317045,727,2354.180414,6.969173227707641
-16721.558917,1038,2361.830524,4.6767843895633545
-15137.844992,1049,2369.793733,4.773771335057695
-15750.174462,1053,2377.559348,4.679549334351694
-14663.683718,733,2382.724815,6.602432996910648
-10535.556924,327,2385.344329,8.904214818054966
-15774.164928,1053,2393.018648,4.688017142674853
-17529.127252,1479,2403.847935,1.6837656258609301
-11113.054256,335,2406.293531,9.052943823810406
-16240.554804,1273,2415.518605,4.653193790833249
-15135.423073,1047,2423.179116,4.793216867827044
-15163.156952,1013,2430.35948,4.617920422843385
-10693.416051,330,2432.729223,8.954667838492373
-15080.063632,1025,2439.950232,4.7124193504286325
-16360.572018,1057,2447.672161,4.591483961314527
-16543.364193,1476,2458.191911,1.3960901323161903
-14038.471417,731,2463.537438,5.697956435541689
-10219.535593,321,2465.847859,8.78225582993714
-10140.984918,314,2468.072853,8.911724107252903
-10154.46131,317,2470.30251,8.852684409562947
-15729.649702,1159,2478.468358,1.880575437317633
-14674.877994,781,2483.994992,5.666346996639144
-14921.500128,748,2489.366595,6.099383696158274
-17448.944828,1334,2499.092954,3.938651341573711
-10430.202963,323,2501.447285,8.94037890923125
-20918.643472,1975,2515.469817,4.174221008906931
-10484.906382,320,2517.743533,9.001456799684533
-36600.571303,5001,2552.953621,4.322221197863699
-16116.238137,750,2558.223668,6.696532683616605
-10538.926503,322,2560.508929,9.000747820452418
-14175.883607,715,2565.517631,6.931447617398975
-11291.871747,335,2567.883481,9.086904040676027
-10946.653372,329,2570.187641,9.061852583317387
-11234.103817,333,2572.544585,9.059528611927297
-14350.069235,719,2577.62781,6.839137530496249
-15335.901048,744,2582.879071,6.752738806520497
-10123.402529,319,2585.113318,8.774164974598843
-14385.343231,720,2590.183848,6.86797700402834
-10073.523312,317,2592.427027,8.77257407747219
-14360.792438,720,2597.543158,6.857046010711866
-14658.211024,732,2602.712895,6.973534807887136
-14639.377034,730,2607.8624,6.9184079661947875
-10655.892421,321,2610.130291,9.044992009472605
-10532.497698,322,2612.385388,9.011788144252355
-14690.231224,732,2617.570008,6.808911915004084
-10100.524131,315,2619.785268,8.847364570237593
-15433.236794,737,2624.9848,6.666094266426762
-14280.347563,715,2630.034711,6.998223916474222
-14067.104096,713,2635.008145,6.928787095993702
-14364.426958,718,2640.055526,6.961319130847886
-14169.105964,711,2645.065507,6.949414597692783
-15704.366275,741,2650.297133,6.703570873606068
-15048.861995,728,2655.429008,6.725299105450727
-15508.566139,742,2660.660064,6.803499668811779
-14675.038154,728,2665.808119,6.8153021028338845
-14380.384966,721,2670.875082,6.91251832219102
-10600.69452,323,2673.331379,9.004176545857113
-10209.903523,319,2675.674551,8.826218298936412
-14464.881524,723,2680.805584,6.8821875140824655
-10183.232302,317,2683.076041,8.8435779468353
-14640.621006,723,2688.226173,6.743868333043192
-16154.381066,752,2693.510646,6.651005324797077
-14470.65977,725,2698.598912,7.026563918546986
-14256.294672,716,2703.653058,6.935786927997593
-14858.745067,723,2708.755961,6.708966171606922
-10624.710205,334,2711.106904,8.800437612192278
-14379.272377,724,2716.380228,7.02385419693781
-14111.282395,713,2721.437644,6.904811322545033
-14255.000107,718,2726.479645,6.887414178155727
-10265.535057,315,2728.725416,8.931119990697146
-10147.272425,316,2730.950392,8.881138207196512
-14826.3438,862,2737.06285,8.304589930132469
-14629.026297,732,2742.185651,6.4820768387356225
-14403.377138,729,2747.323261,6.541605664532924
-14793.730564,732,2752.458664,6.491121288781857
-10293.266482,322,2754.709238,8.825138104871595
-10854.206889,327,2757.041415,9.037422135790075
-14822.015331,838,2762.937293,7.73287473875715
-16713.388885,1216,2771.78298,2.9676903219640445
-9963.171374,309,2774.082927,8.873471830712457
-16357.210901,835,2780.106892,5.283637709048815
-11038.657903,332,2782.414068,9.058013955226922
-17031.800537,1205,2790.885462,2.809147650223956
-22234.890507,2541,2808.75152,2.8158572326216635
-10990.676961,330,2811.062916,9.050873858895056
-16942.180157,1167,2819.26121,2.7558514530002274
-10132.871365,312,2821.460289,8.942067831053876
-16435.076026,1309,2830.672791,2.752540402971423
-10301.82299,325,2832.934321,8.762890745170598
-10507.541641,322,2835.190259,8.96220735850967
-15376.968199,1126,2843.098179,2.6039988548628057
-16665.620609,1210,2851.596155,2.906668291846974
-16299.202508,1304,2860.772547,2.9158351497742214
-16764.987368,1171,2869.020077,2.669878089082866
-16158.89837,1261,2877.894643,2.667791086146579
-10469.116339,318,2880.109613,9.0182080694424
-10041.34812,317,2882.33436,8.731717098389115
-15933.291197,1276,2891.35201,2.660377050323474
-17304.504451,1622,2902.724941,2.5666267981372077
-15010.482483,1165,2910.831647,2.395465466586638
-16048.920885,1155,2918.922263,2.7404669109804107
-18193.895183,1752,2931.240349,2.350005683573865
-17230.406728,1376,2940.909048,5.010760569261613
-10933.307088,325,2943.185282,9.063927273653082
-16555.015733,1415,2953.113769,2.6787310284291466
-10869.272307,327,2955.425249,9.050214941261745
-10297.899433,314,2957.607383,8.983666544128413
-9947.206451,311,2959.770164,8.826964536856837
-34978.647743,5001,2995.152442,2.8509174890580793
-16680.144764,1299,3004.294953,2.527138619684883
-10289.052525,317,3006.525874,8.967463578315776
-10469.954049,321,3008.751751,9.00764729966747
-10007.826685,312,3010.942779,8.895485303812787
-32574.296015,5001,3046.156939,2.1382158284147494
-10133.458,321,3048.401224,8.756058325527368
-18470.682077,1772,3060.863522,1.2380738065941699
-31798.877591,4524,3092.649728,1.5681687810942748
-10199.637354,322,3094.946759,8.765838720812473
-27102.49507,3102,3116.747423,1.152909020307718
-15723.770896,1324,3126.029849,1.333001806331677
-10516.261496,319,3128.255807,9.027579723343697
-10111.016744,313,3130.462692,8.930618888255783
-10932.855421,329,3132.774812,9.078936699149159
-15470.722431,762,3138.164451,5.66403636756181
-13999.220069,738,3143.354622,6.0122245068916405
-18089.017547,1740,3155.590218,1.6482771619756083
-10076.709536,321,3157.830019,8.74996477287187
-10075.63228,309,3160.023465,8.979522962847406
-18444.41442,1982,3173.899297,1.9376144690749162
-9947.414504,308,3176.047137,8.923604230481473
-10948.077624,329,3178.337787,9.095050397938557
-10686.640075,323,3180.610755,9.056630461401786
-10809.764808,323,3182.858634,9.084627617997162
-10505.539626,317,3185.091537,9.041203943332956
-11116.753948,337,3187.475941,9.10905462170025
-15525.015219,695,3192.312551,6.053397359713426
-19469.468376,2174,3207.633634,3.889633897078068
-17315.742351,1228,3216.255719,3.218111385132242
-10242.939342,315,3218.44934,8.98065561005964
-10289.997389,324,3220.742815,8.841040996905598
-18454.473756,1618,3232.077421,1.5383506450668618
-10419.573772,334,3234.419233,8.782728453069389
-9853.224593,307,3236.58328,8.896526440910623
-10889.780799,327,3238.87113,9.123416223661566
-16487.261991,1422,3248.849994,1.9701894135928446
-17577.324995,1529,3259.560059,1.786375964853785
-17057.063764,1407,3269.467973,1.9677529078738982
-13600.796769,681,3274.283781,5.847735883763621
-9981.625096,320,3276.545639,8.78756358313318
-9915.74627,311,3278.739823,8.859403748944203
-16826.876363,1453,3288.940298,1.9084368671175043
-10383.829711,333,3291.290121,8.823975410349398
-9971.465624,310,3293.450031,8.914787325385253
-10985.411189,327,3295.747481,9.088079415728183
-21154.598609,2215,3311.326605,1.7321898980595176
-10414.750594,316,3313.569892,9.07839467916733
-19308.638341,1789,3326.169433,1.4856347260052103
-10006.689975,318,3328.403281,8.838074342667255
-23338.355227,2056,3342.874276,1.4347726172320672
-19484.080473,1626,3355.168536,3.470481226921592
-10111.172058,310,3357.472924,8.996736192601691
-10227.383358,318,3359.834992,8.956804540416973
-10012.888277,320,3362.221142,8.783920703826206
-16887.152223,1609,3374.366488,1.581137728435848
-10071.371811,323,3376.74193,8.747233780954742
-20631.715923,2165,3393.040289,1.6119103810156061
-10251.94664,312,3395.411664,9.055075261215256
-15816.744952,1324,3405.244723,1.4534819391959695
-18135.072424,1640,3417.476973,1.4144682075343717
-9956.13019,314,3419.85952,8.79712161523274
-16274.421074,1300,3429.597286,1.4978246643668716
-15029.47812,1198,3438.504869,1.4453018981865378
-9931.673976,310,3440.789863,8.898952472365698
-10081.057828,325,3443.183857,8.706949978537452
-16068.479779,1267,3452.620226,1.4949696675165032
-13404.857828,618,3457.26098,6.0832871180520485
-17024.715327,1295,3466.944844,1.4451837178594267
-10433.487651,319,3469.330749,9.045820357352959
-11429.582633,340,3471.841263,9.107018423623748
-9788.820237,312,3474.232184,8.811066790795298
-9780.314907,303,3476.524312,8.9191881446553
-10020.162734,312,3478.845095,8.916219616294773
-15345.271055,1214,3487.857495,1.542452462513764
-9939.425486,308,3490.152506,8.961637107212702
-10456.730691,342,3492.741368,8.679004138009088
-10266.530944,320,3495.151319,8.899125935926953
-14847.103147,1114,3503.424179,1.5265400644512779
-11114.360077,335,3505.96718,9.092722392046571
-9926.320264,317,3508.359342,8.814723111983014
-9819.03294,305,3510.647299,8.88632759343402
-10144.131913,309,3513.007785,9.00875050266224
-13903.366762,611,3517.617863,6.113939818253965
-11130.867511,337,3520.165958,9.079766900844815
-15577.046742,1115,3528.561634,1.5600842233101342
-17361.806987,1149,3537.132426,1.4771763732672651
-10229.445764,323,3539.520419,8.76379448178667
-14071.649648,660,3544.501515,6.101799788026483
-14831.202786,1125,3552.868409,1.5388781251017258
-10084.824731,311,3555.243404,8.968323426495896
-15107.385671,1154,3563.867761,1.4414629269457444
-17102.968142,1168,3572.589493,1.8309933449983138
-10026.758543,311,3574.997324,8.894278673945267
-9802.804646,302,3577.590502,8.943805574905602
-9906.548221,306,3579.891679,8.953519259847823
-9996.758958,307,3582.184793,9.009254634651723
-9886.090631,308,3584.491257,8.888965343358905
-9875.190092,308,3586.82399,8.856674717057674
-11375.544647,339,3589.368696,9.080762179964099
-14887.372008,1114,3597.725546,1.666597578783189
-9978.792795,320,3600.11827,8.728547832570133
-9880.472462,314,3602.515099,8.803318254792636
-16378.96721,1570,3614.356662,1.3927058358242457
-9964.327648,319,3616.812739,8.804280991058674
-10113.595677,315,3619.248919,8.893957025568026
-10322.25298,320,3621.594771,8.962825190407424
-10268.878992,318,3623.912715,8.983132313404937
-10085.078272,312,3626.256729,8.96345861476439
-9939.46603,315,3628.604193,8.80560062545418
-10506.184237,342,3631.149403,8.670860854718796
-16177.87892,1677,3643.613397,1.4233986009444388
-16755.326273,1516,3654.999888,1.411891915567864
-14796.840592,1219,3664.160152,1.4244226452755058
-10183.188544,319,3666.579697,8.8329923893779
-10063.996388,324,3668.987994,8.769180625966717
-10909.042718,331,3671.531148,9.060870621165108
-11734.759511,346,3674.106171,9.110084534376766
-16203.792372,1435,3685.155643,1.592987739963049
-9668.25428,302,3687.418015,8.934567308683631
-15846.142535,1435,3698.127818,1.494204515563097
-15475.374579,1420,3708.760187,1.4497129963209927
-16082.491222,1657,3721.127601,1.4696568082128905
-12533.081967,440,3724.399192,9.88981492649509
-9900.130559,321,3726.759669,8.796369578733929
-9843.004917,318,3729.099813,8.714817949958146
-15409.764004,1326,3738.993909,1.75903138114242
-25633.156412,5001,3776.309786,1.3764825103063882
-17915.407061,1518,3787.583751,2.473944247349146
-10254.672757,322,3790.036937,8.861795743241967
-11524.375432,344,3792.624422,9.079267397060525
-15999.037123,1370,3802.817868,1.778086549539888
-16318.303583,1500,3814.022891,1.6573197942815485
-16376.305945,1427,3824.613329,2.9829017228442156
-32706.758705,5001,3862.067408,3.070144819862074
-11449.313286,341,3864.622373,9.0912502815645
-33851.582411,5001,3902.107952,3.2037592102651087
-14307.816965,862,3908.591821,3.2832732106741673
-32446.868068,5001,3946.284483,2.6240377602076643
-17216.968558,1873,3960.401766,3.225456037141188
-11198.959297,334,3962.952825,9.09194748248702
-16226.124075,1457,3974.822072,3.5003533253006838
-15837.486275,1485,3986.426937,3.565838146812389
-34555.915921,5001,4030.507336,2.0589109307450033
-11268.26197,338,4035.017056,9.067206499998717
-14756.457257,862,4046.126439,5.531839114181394
-10280.692034,320,4050.287235,9.024518218526044
-17725.159732,1456,4068.814497,3.6101719315590537
-17753.952925,1581,4089.148547,3.6357255998433686
-16878.888623,1086,4103.065814,3.7309210632662975
-15292.351678,1152,4117.478347,3.452465537946697
-14582.719198,968,4130.03755,3.5395014317242435
-13801.619638,899,4141.670633,3.3744287208621424
-10836.063682,327,4145.877553,9.079223358225967
-9884.015539,307,4149.399505,8.89047116469146
-9973.671265,310,4153.439614,8.88569633780625
-30877.27827,5001,4217.436028,1.8954443510380836
-10862.820265,329,4221.674827,9.104092540814818
-14645.549845,966,4233.876687,2.7290216470560087
-10090.290774,315,4237.858728,8.853760883461547
-13635.297275,915,4249.829139,3.0429401462056833
-10977.760699,336,4254.131314,8.971698330065074
-10235.695072,315,4257.853412,9.053191721962541
-10394.134202,336,4262.179269,8.714612627584277
-30566.834453,5001,4325.493997,1.6007338103939517
-17860.276843,1203,4340.562641,3.4817924594286502
-10088.721443,315,4344.610036,8.82374417727263
-10499.229386,319,4348.758577,9.03719905166484
-23663.289805,2972,4386.189312,2.1791024544746382
-16782.379718,1378,4404.056055,1.001511542686802
-10024.690064,325,4407.565232,8.768423571772916
-10711.72004,323,4411.750386,9.084160345117864
-14589.319597,1183,4426.987399,1.85870531401412
-14434.672862,1029,4440.103486,3.080614531274652
-13990.598406,623,4448.092486,5.9828372887978
-25915.177395,5001,4511.492566,1.788242768997226
-14856.009484,920,4522.456351,5.791155771839483
-10659.43083,333,4526.833975,8.91688137605417
-10487.56259,342,4531.184354,8.744635602649923
-14410.019709,709,4540.365226,5.619549078485507
-14540.671118,859,4551.45808,6.1260450330919305
-13012.787133,605,4559.22976,6.107784277917709
-13896.771049,729,4568.163374,5.911327573942717
-21211.946419,1053,4581.478727,5.662562946747103
-13854.938886,652,4587.231445,5.784199581019228
-17892.868783,1325,4603.097876,1.3609145957032296
-16285.861571,1308,4619.855973,1.5853385152028323
-12872.465028,614,4627.759738,6.02923282556864
-14054.370351,978,4640.410443,1.6725617401086526
-15321.408206,1251,4656.642443,1.2139634040517107
-14921.113124,1131,4671.279213,1.1218627230125802
-15855.906645,1153,4685.94679,1.1613455778690824
-10266.576029,334,4690.197969,8.730472454060683
-9947.442376,314,4694.243562,8.822697689064423
-9991.4025,323,4698.412949,8.75466419969128
-14638.665704,1153,4713.290031,0.9776308850677468
-15555.921604,1285,4729.561666,1.0979071979266288
-15038.198964,1065,4743.417648,1.4781780970585459
-13786.951427,616,4751.361237,5.935228220241237
-9876.175399,310,4755.38825,8.876996893927897
-9985.833385,309,4759.414601,9.025694836194685
-10041.30258,322,4763.477479,8.798057717450957
-9680.511449,308,4767.42611,8.840862034364536
-11142.776176,336,4771.804507,9.078633093846474
-14830.314712,1135,4786.220173,0.9857314034950777
-15998.892894,1105,4800.337727,1.5722316651994317
-10110.600967,315,4804.402904,8.942927905954862
-9841.786236,306,4808.367145,8.915507979266506
-13940.88303,622,4816.407045,6.012021292946191
-15087.409602,1253,4832.382617,0.7859918798310301
-15950.126975,1121,4846.83516,0.9021874373609546
-12108.123606,389,4851.875736,9.019394910386723
-15713.379755,1154,4866.460677,0.665118679225014
-13966.482376,621,4874.030871,5.997634743178829
-10229.821165,322,4878.142062,8.840803086365042
-11025.609919,339,4882.580468,9.01973086435996
-13302.170997,626,4890.6444,6.013220345337869
-14834.917189,1124,4905.141112,0.6640709950064803
-10856.598112,336,4909.515776,9.019737864148425
-14717.105838,1090,4923.572235,2.104752607513896
-12497.413047,583,4930.96227,6.128654240068219
-14891.464184,1072,4944.916902,1.5074466257555188
-14012.621804,610,4952.876776,6.068542359333826
-11037.404289,353,4957.472689,8.748733203494162
-14500.614844,1158,4972.452885,0.6381573604959995
-18283.186346,1350,4989.45673,0.5335582557190078
-13040.647639,611,4997.42138,6.023138207925144
-13121.393207,612,5004.788863,6.0983996751560134
-12691.472339,600,5009.345707,6.091392543027316
-12634.936669,603,5013.310541,6.1089659230891815
-12765.79942,602,5017.309013,6.123508108335017
-14704.982483,1091,5024.430458,1.4588765846364988
-13019.55741,613,5028.471578,6.05473594126276
-10666.750612,321,5030.562352,9.07710113250889
-13922.121301,616,5034.626791,6.107180052552341
-14767.618189,636,5038.733335,5.969103816268651
-12461.336042,594,5042.667092,6.120523367785291
-13523.116632,628,5046.785086,6.1219796216414855
-12795.056904,619,5050.830057,5.996402773114812
-13856.871341,609,5054.900329,6.123931864161156
-9800.34985,310,5057.026707,8.824208348468595
-15010.717487,617,5061.530628,6.070475068908189
-13913.399457,1087,5073.846539,0.6878519054285659
-14953.870463,1096,5088.085655,0.711816942321569
-14062.019539,1099,5102.163976,0.5159776195664783
-15138.265524,1096,5116.387511,0.8759884106213229
-10129.198596,313,5120.104125,8.97542391663006
-14353.745041,1090,5134.130092,0.5367824448508932
-15149.845067,1086,5148.096412,0.6936728891672721
-16088.759148,1111,5162.351938,0.3974661956623116
-13690.035555,1070,5175.666463,0.5009383946198323
-13384.813115,642,5184.011529,5.852191813791508
-12861.539937,417,5189.430878,9.145712816705597
-11064.828991,341,5193.825679,8.711971044174744
-10069.800401,317,5197.917104,8.781928798239617
-14337.286453,649,5206.315819,6.102258261881262
-10052.04158,310,5210.313548,8.972460664921156
-11008.061425,347,5214.874423,8.784026595574822
-14198.033954,1081,5228.980407,0.3738703258300185
-14106.678,1090,5243.056159,0.31116590143993117
-10881.592249,347,5247.521971,8.742453753975928
-12934.844327,1099,5261.767957,0.272693891296262
-13530.013108,1102,5276.029546,0.2756843748042135
-10141.852883,315,5280.071335,8.92424913092293
-14400.681822,1095,5294.157827,0.273841219244011
-12290.552724,406,5299.381619,9.095644737277109
-14411.954718,1153,5314.280024,0.2707952038432998
-13323.879217,1101,5328.364991,0.26500384469804134
-14839.958826,625,5336.371932,6.127683065458976
-13410.566727,1113,5350.823329,0.27659190941029677
-9810.185623,301,5354.696803,8.937261250323376
-14291.522065,1138,5369.45206,0.27717426555456015
-14242.928746,1189,5384.447399,0.27561037429870594
-14255.687997,1246,5400.468695,0.27294131126047316
-13566.583028,636,5408.306139,6.1228884481039465
-13712.115559,1116,5422.707616,0.2732745186494229
-15043.751235,1408,5437.931488,0.26798071050217304
-13871.662832,1181,5445.688085,0.2734911096440848
-14541.901029,1366,5454.781399,0.2696652228564959
-13884.369853,1194,5462.559999,0.26639896686366105
-14890.028622,673,5466.977961,5.840385820184321
-10086.659063,319,5469.033133,8.808669447054971
-13931.96461,643,5473.254963,5.909797527660665
-10447.576716,335,5475.459727,9.177889856852905
-10647.059234,342,5477.695863,8.753226036393848
-16739.870839,681,5482.150118,8.500809870710405
-13571.709596,636,5486.34147,5.947113925024467
-14085.977732,615,5490.3594,6.131056701374998
-10495.952293,355,5492.706348,8.842996275254272
-13420.794092,637,5496.916502,5.923069222022418
-12440.073065,594,5500.809771,5.962867414664257
-14470.914938,1117,5508.157485,0.2703794853663578
-13366.855522,1068,5515.162074,0.26799155366774924
-10227.85141,326,5517.272048,8.736928079490347
-17120.884226,1296,5525.794415,0.26505579867879997
-14245.421669,1055,5532.697063,0.26936825878888787
-10511.099487,316,5534.732865,9.043879909309634
-13892.47602,1121,5542.066344,0.27044482421778376
-14714.369053,621,5546.14496,6.0486797352183
-15146.774388,669,5550.522485,5.845176389412816
-13420.935947,1069,5557.656528,0.26474173514670024
-13352.784559,634,5561.794418,5.831283756394326
-13385.691194,1060,5568.770432,0.2671351720742218
-13208.492681,612,5572.829281,6.057579869649825
-12860.349524,616,5576.948942,5.951199892258479
-15603.672985,984,5588.701743,6.114566230973474
-13170.186434,600,5596.419081,6.1263340633357295
-13241.882737,1082,5609.851244,0.26743671954263415
-13575.053426,624,5617.893631,6.115642872662919
-14083.582881,608,5625.635587,6.053348662611448
-12839.406743,599,5633.363703,6.0350938468281
-13256.663648,1173,5648.383638,0.2771789413532717
-13873.009827,1129,5662.499413,0.27707430275594735
-13661.127105,604,5669.857011,6.099611575790888
-14195.129246,1258,5685.930024,0.26626591194875376
-10959.454803,355,5690.462983,9.006193603074186
-14778.52367,1084,5704.380008,0.2685934778533369
-14645.308733,1246,5719.632851,0.2770259954317056
-12748.529109,605,5727.365937,6.026196953593294
-13291.380869,611,5735.264017,6.072082756009759
-13699.21943,1165,5749.611042,0.27586098995996594
-14485.529253,618,5756.982346,5.955400049232843
-13747.565423,609,5763.797415,6.129166449833702
-13594.331715,628,5768.989912,5.9048130055855355
-10150.897807,327,5771.660286,8.700508005737033
-13620.163237,622,5776.818658,6.129798105569789
-14640.763448,1211,5786.554615,0.2762405037479426
-13474.756379,1123,5795.556843,0.27531366372892097
-13313.133715,1100,5803.57977,0.27083099543437766
-14984.60874,663,5809.493344,6.124908297008346
-13877.982513,622,5814.313582,5.845196488918719
-15680.817634,639,5819.169554,8.746107327088039
-16224.151103,1314,5828.800536,0.2712247799618537
-13752.938349,1047,5836.335872,0.41257188561583646
-15150.214248,990,5843.361238,1.3399755871187424
-13285.624131,620,5847.752062,6.128903923123913
-18005.174782,1173,5856.071576,1.503014530585627
-14144.218428,1001,5863.168167,1.2238558864422027
-10255.911138,334,5865.767734,8.748623733874435
-11105.993877,347,5868.428691,9.184527793675564
-10317.693664,315,5870.802031,9.077713453807982
-13794.680085,1011,5878.492165,1.2585813784292543
-13920.99385,602,5883.138189,6.119558311218796
-12260.530058,401,5886.134954,8.911208880192241
-12608.782439,594,5890.648209,6.132944635875125
-13541.327858,964,5897.907627,1.4555844614094884
-13805.386856,981,5905.224826,1.4446993566312283
-12775.728903,609,5909.806514,6.131461976785049
-13291.750988,954,5916.972456,1.5341306760943494
-13667.649892,989,5924.370221,1.5191233162760311
-13115.812841,948,5931.867204,1.55033875747734
-14760.486944,1227,5941.109627,1.4931999053462115
-13314.426978,626,5945.849186,5.990046351679071
-13743.739588,984,5953.378366,1.4675138170548354
-14299.221599,978,5960.846239,1.8009405453973244
-14763.805997,986,5968.350121,1.6401436800273517
-15224.335141,1085,5976.717896,1.620723345408407
-14172.131009,975,5984.202401,1.5503538098163352
-10290.363213,328,5986.713976,8.921817464443913
-12519.437391,588,5991.155671,6.124548317390915
-16441.750907,1185,6000.035497,1.3540211608198187
-14390.090597,464,6003.594403,9.079080031950433
-14822.976497,1068,6011.689088,1.0905673685293373
-11197.489686,345,6014.261163,8.88837712025921
-14768.564081,605,6018.841379,6.084051538023939
-14587.567858,1075,6027.631765,1.3874026205755081
-15392.309892,1098,6037.156263,1.3949964360283347
-12640.689292,597,6041.882017,6.118873978392513
-15372.804787,1063,6049.945827,1.3573886314868908
-15128.549644,1054,6057.890667,1.1308010035644838
-15876.735638,1085,6066.066088,0.8897245841332091
-13949.06077,1052,6073.988662,1.0580868520371576
-13176.143559,604,6078.515072,6.0920071507969205
-15436.307435,1119,6086.977108,0.6863688278199405
-14242.967024,1065,6094.940185,0.874275392807307
-13321.369238,587,6099.313767,6.125765963309732
-13839.722551,1071,6107.555129,0.8028030556615485
-14374.272602,1058,6115.548465,0.9936401429692343
-12496.851201,583,6119.991732,6.123440604506892
-13529.514721,617,6124.621027,6.098527933277395
-13533.632182,601,6129.200925,6.131776071678341
-13481.578202,589,6133.693858,6.0675072824582745
-13884.056352,599,6138.293298,6.123251535270344
-12703.753125,594,6142.875022,6.131519573194466
-14543.385554,640,6147.723134,6.133169739808455
-14106.894746,1056,6155.587542,0.7023002907302385
-13629.851964,615,6160.145154,5.9558170638473715
-14106.624328,643,6165.025114,6.126518111723698
-14371.695016,1066,6173.073775,0.6765900660957197
-15711.222744,1104,6181.4101,0.7902349543334795
-14452.537027,604,6185.978802,6.124952653659797
-12344.233086,590,6190.431269,5.862534243858539
-13768.225285,592,6194.85865,6.115157584551467
-13022.72878,610,6199.546342,6.095261751446288
-15353.057018,1112,6207.887846,0.5179467878616728
-13440.55112,614,6212.507891,6.125500995608367
-14174.105622,600,6216.998815,6.0324318707882485
-14085.076816,1065,6225.07779,0.6394433437068521
-15563.619522,1101,6233.376958,0.6073125735872151
-14786.958895,1110,6241.755566,0.602005609968699
-15193.501311,559,6246.05395,8.955835089194904
-13925.642064,593,6250.523296,6.120834332951598
-15065.63886,663,6255.524088,6.023847649387227
-13823.160332,603,6260.07307,6.128587169839555
-14137.033918,601,6264.553897,6.1306981453771305
-12778.909577,594,6269.056337,6.077032206853474
-14459.892332,636,6273.878775,6.122660273516418
-15844.528357,1137,6282.544123,0.5570656831611299
-12414.707819,593,6286.976252,6.049980572761795
-13800.553486,597,6291.45731,6.082305304980574
-12715.163883,596,6295.918842,6.094957207361277
-16568.232705,1282,6305.626783,0.2740733166110517
-13217.926038,590,6310.061816,6.115442018621541
-13584.701985,619,6314.754339,6.121715445268644
-12846.786384,598,6319.215225,6.109038993535947
-14510.542359,620,6323.852537,6.0651361458413975
-12581.773087,587,6328.339653,6.126313239982952
-13021.762613,605,6332.857607,6.080880373600425
-14449.10124,609,6337.608461,6.124701867135021
-13552.890411,612,6342.740586,6.127898565552858
-12698.667627,592,6347.227827,6.122498808853587
-13143.653751,587,6351.699874,5.9477674331925225
-12410.629498,577,6356.011955,6.058979673124024
-12601.607528,983,6363.484715,0.43093655061754715
-12728.319074,1061,6371.616925,0.2663429255998951
-12406.861825,589,6376.049947,5.905389575766479
-12924.47859,599,6380.600052,6.124735705471091
-11639.721128,980,6387.972847,0.27719770892842904
-11271.77115,980,6395.349554,0.2651651273687043
-14242.864925,615,6399.958969,5.814715701866948
-11977.688172,1001,6407.562994,0.26903831476425616
-11411.669829,976,6414.901824,0.2765068325010584
-11649.491427,994,6422.391447,0.2722396531308532
-11657.578242,963,6429.58526,0.2643290484088787
-12896.667731,987,6437.037828,0.2745152148086758
-12980.536211,1010,6444.633409,0.266567809257633
-12973.487691,1034,6452.528914,0.27687394282727246
-11717.698442,983,6459.946342,0.27240941667070484
-12575.20177,1034,6467.768485,0.2749944189996111
-11503.203786,965,6475.114816,0.27329431900965345
-11760.688968,963,6482.340435,0.2656065632128229
-12229.195605,988,6489.854159,0.2658580615432032
-13075.581292,983,6497.289786,0.2666072776851814
-12109.552179,966,6504.633708,0.27115201162024405
-12019.652171,984,6512.178183,0.27680270880993535
-11685.315861,971,6519.509725,0.27370575627359595
-11984.09358,1003,6527.099546,0.2759404583970162
-11415.145002,983,6534.436908,0.2751470982823746
-11588.525494,994,6541.965009,0.26765249009752573
-11783.083205,1011,6549.573673,0.2673983953560669
-11999.992407,988,6557.041711,0.271512969103011
-11513.541432,966,6564.36797,0.2684527123772667
-13693.266485,986,6571.797936,0.2763101759839826
-13938.697235,1015,6579.572825,0.27361978281276395
-11576.871096,971,6586.949488,0.27604033623601326
-11657.702874,982,6594.325599,0.273376365194157
-11875.38797,1022,6602.142386,0.27706538710698625
-12029.775324,972,6609.40809,0.27427363930103704
-11286.422346,987,6616.877349,0.27267334331214765
-11662.060075,995,6624.383857,0.27325800731313954
-11670.672423,984,6632.474247,0.2709355049896497
-13327.723972,991,6639.594509,0.2694571488812312
-11590.292044,983,6646.839007,0.27585504124853333
-11948.563211,992,6656.949435,0.27165311888751215
-11486.034315,981,6664.610213,0.2753794431753804
-12024.547308,986,6672.968914,0.27183699283885593
-11788.747325,996,6680.477837,0.2710222786658368
-13012.331696,1021,6687.849926,0.2705137267225249
-11874.52907,981,6694.921872,0.2769788708948563
-11675.51519,972,6701.828352,0.2753941481147601
-12820.193005,978,6708.835843,0.27637587480434234
-13529.011423,997,6715.955091,0.27270367399715567
-12817.82911,991,6722.951011,0.27659936501266785
-11921.593858,964,6729.848274,0.273986926155818
-11884.546624,963,6736.697733,0.26996931318105744
-11554.552406,979,6743.674415,0.2715722205681132
-11908.500731,980,6750.679307,0.2671664635419817
-12280.393704,985,6757.716272,0.2708387588067401
-11783.002708,965,6764.545542,0.2752502305501755
-12331.487291,1001,6771.637875,0.27126716113046156
-13579.459821,1011,6778.836055,0.27175287485900546
-12800.946224,1001,6785.951001,0.2721920849222241
-11869.112831,983,6792.995757,0.27047516440039
-11885.371581,965,6799.84267,0.27350194423457014
-11300.984687,963,6806.678129,0.27722100117242876
-13560.828158,971,6813.584055,0.2818262872516537
-11807.910998,947,6820.473576,0.26824628605979
-12436.504647,999,6827.481802,0.274426746710418
-13284.148941,989,6834.552128,0.27350357051039964
-11307.426192,957,6841.326601,0.2747547123085633
-12791.539751,1025,6848.641774,0.2759036739069457
-13194.781879,1039,6856.064356,0.27380891943691177
-12406.674327,994,6863.160589,0.26754916663323497
-11946.605585,977,6870.122289,0.27271752388241083
-13232.71764,1010,6877.308648,0.2671533783095174
-14103.36866,1003,6884.4036,0.2669376282085282
-12363.57107,1002,6891.488801,0.2654011722581712
-15712.330744,1093,6899.295263,0.3812556151921709
-15365.451619,1014,6906.46303,0.3940875664873084
-13774.491278,1027,6913.76364,0.34690244364928513
-14593.965305,1130,6921.741417,0.5698678333925944
-14567.468091,1104,6929.683607,0.7704020531895046
-13021.55133,969,6936.627935,0.3185399305952413
-14355.915776,1016,6943.892689,0.35226001511790983
-13997.857496,1074,6951.543276,0.33444540748569085
-12792.587801,1001,6958.651438,0.2697469028884153
-15020.357025,1001,6965.800681,0.3880994683618547
-11570.276603,967,6972.715641,0.2665728741477694
-13435.905169,950,6979.477302,0.5894632669390483
-15061.736002,1028,6986.735757,0.2733886457165786
-15217.717807,1030,6994.027261,0.5922631903748766
-15049.552798,986,7001.029057,0.5894947744123064
-13400.253442,996,7008.118924,0.6030867545065746
-14031.955676,987,7015.204491,0.4405889516833867
-12977.433143,968,7022.067208,0.27251502874714306
-12616.841784,982,7029.023606,0.29314584624891576
-11569.08705,960,7035.867915,0.2749077947648051
-10944.512094,331,7038.221865,9.042452535254773
-16324.202908,1041,7045.587055,0.27483101824907125
-14714.051664,1011,7052.801461,0.26921968197837604
-12228.023762,977,7059.713886,0.2763441568388169
-11754.12888,968,7066.563613,0.26773132767571495
-11472.733234,956,7073.265747,0.2755435892311297
-11465.324106,965,7080.104881,0.27062002597755086
-12342.724124,523,7083.81415,6.08732666204385
-11755.645331,959,7090.600473,0.2668456173581391
-12249.388315,961,7097.410637,0.2671600879559411
-12019.070336,966,7104.211061,0.2695333594320627
-12793.619384,977,7111.128564,0.2669917292260996
-12817.645791,974,7117.999548,0.26538110369136964
-13026.623629,1043,7125.410187,0.2689985726261779
-11555.878711,964,7132.328341,0.27506513120886356
-13293.9589,983,7139.348935,0.2680362803290724
-11380.097166,962,7146.182177,0.2678516935973267
-12261.138279,1025,7153.44359,0.2718112089486653
-11611.187736,968,7160.399724,0.27449961635101566
-9844.999685,312,7162.594808,8.857776899683813
-12467.659043,987,7169.625037,0.276111393021681
-12301.288565,997,7176.816825,0.26693878985971936
-11670.405086,971,7183.812422,0.2768807760655546
-11417.254459,521,7187.53223,6.0058541427286585
-12509.531406,989,7194.591007,0.27610669444772773
-11433.677483,961,7201.387961,0.2690851938584279
-11305.370926,522,7205.175623,5.93579851860898
-12542.505786,986,7212.300787,0.26546747890284694
-11862.033679,976,7219.286072,0.2726665971397808
-12230.452881,979,7226.234833,0.27104777793991003
-11511.566997,959,7233.037613,0.2673263057246412
-11815.574777,532,7236.841027,5.98945397050079
-11382.926779,959,7243.617218,0.26548771248410724
-12040.336831,1014,7250.824941,0.26860937066539664
-11250.594318,956,7257.569124,0.27456832356994043
-13182.522593,1019,7264.762565,0.2683897106532878
-11543.448045,960,7271.560513,0.2758028021302696
-14177.677062,998,7278.634891,0.2649117536899188
-11354.178084,956,7285.38209,0.27606534648085623
-12868.108282,968,7292.206156,0.27382767341177017
-11310.958248,962,7298.967897,0.2720132102493857
-11507.134898,973,7305.833333,0.2713239820251328
-11248.170302,949,7312.560745,0.2662087661816043
-11243.15879,963,7319.340879,0.2697449380000231
-11367.45676,964,7326.131846,0.2659067378406686
-14026.755685,987,7333.146268,0.26958449099366594
-11122.254133,951,7339.86081,0.2708088481093297
-11120.53908,956,7346.661649,0.2655493809788821
-10223.716481,324,7348.94462,8.797743470567703
-11213.708443,954,7355.704197,0.2657194394968816
-11194.032432,952,7362.416678,0.2700676571079022
-12600.011266,959,7369.166494,0.2747584855828501
-12672.209339,962,7375.986655,0.26358134362477365
-11601.173558,964,7382.822322,0.2652059903502687
-13837.890095,986,7389.736044,0.2750987129510163
-11143.574371,951,7396.481771,0.27382978918866635
-11163.765604,951,7403.223238,0.2718434479771221
-11379.637007,943,7409.850857,0.2673862060117365
-11465.771071,938,7416.48375,0.271056143401444
-13045.591725,991,7423.435557,0.2677509484670779
-11461.354962,957,7430.185989,0.2671679202470243
-13069.817723,1171,7438.457081,0.27557031186544045
-11954.113313,974,7445.398694,0.2721074935031188
-11212.383025,933,7451.993931,0.2761061169284663
-11413.794645,964,7458.809072,0.2749904152308782
-12519.036672,1006,7465.917494,0.27437679670244747
-13824.735694,990,7472.858353,0.2736602793802423
-12185.042276,963,7479.690182,0.2758902787421403
-11214.976568,955,7486.407571,0.27370483356603925
-13628.759942,979,7493.342439,0.27050435426297154
-10931.053925,948,7500.05355,0.27658779979988285
-11130.23252,954,7506.790158,0.26455906990094613
-11121.21597,955,7513.560552,0.27197012128190223
-11391.420109,960,7520.564901,0.26610603481031864
-11743.307196,982,7527.612949,0.2747855013563327
-11361.641464,957,7534.366962,0.2649949543660014
-13029.015357,970,7541.231209,0.2751794217357871
-12572.762731,996,7548.290534,0.2660781616501884
-11541.556006,962,7555.122345,0.27529295326852893
-12375.902949,971,7562.079999,0.26881539105360236
-11294.176577,968,7569.170081,0.27261135927175284
-12679.069407,974,7576.221037,0.27104258456571106
-11248.013058,962,7583.011334,0.26637167129538714
-13090.933691,971,7589.977749,0.2701000804726732
-11061.272173,954,7596.714688,0.2733136004313383
-11221.45014,957,7603.482803,0.27038515949752684
-11976.75088,992,7610.495607,0.2690397510984616
-12001.047061,967,7617.398936,0.2756804417645006
-11534.44438,974,7624.263714,0.273044079300656
-11624.275528,945,7630.959176,0.2758765987235091
-12310.847591,992,7638.005658,0.2764274791811528
-12025.986005,983,7644.938958,0.27356101990066084
-11703.448156,969,7651.810455,0.2643405186536359
-11101.697487,953,7658.599123,0.26536309227833477
-11050.025994,949,7665.277137,0.2688427135793706
-11440.86266,965,7672.141946,0.26914379827528134
-12304.519331,959,7678.956652,0.26861731027532937
-11139.454292,966,7685.829787,0.27449348327045314
-12214.132487,980,7692.715528,0.2709775173352745
-11138.679911,952,7699.48364,0.2752853419778992
-12121.648475,946,7706.172817,0.272563385849544
-12378.413535,985,7713.5003,0.2663298494148926
-12225.946317,948,7720.189971,0.26907927470522985
-11210.983628,965,7727.165407,0.26873596377441955
-11239.976105,964,7733.942703,0.27562593835192706
-11804.645283,972,7740.816256,0.2664030011307322
-11194.000411,957,7747.673976,0.27397131525088414
-11016.975149,954,7754.422689,0.2683287546699547
-11033.695468,944,7761.174402,0.27661418055725207
-11224.301526,958,7767.937342,0.2701241991979923
-11408.917555,955,7774.701264,0.2764726315532638
-11823.697483,980,7781.676504,0.26518431111479335
-13290.764745,1038,7789.075814,0.2704196471481589
-12323.218778,952,7795.752955,0.2650293754660514
-11001.210658,951,7802.493249,0.2700310595746625
-11749.380156,967,7809.354514,0.27710589638957883
-10916.540731,952,7816.12749,0.2713174329834899
-11675.774484,971,7822.970313,0.2707775947583322
-11014.245892,952,7829.690697,0.27641837619739135
-11479.368255,954,7836.428895,0.2737037203798568
-11298.59458,958,7843.205533,0.27664915665641016
-12602.446265,994,7850.268275,0.27599406221420897
-12351.464822,989,7857.252518,0.2714109603128528
-11338.929875,958,7864.037047,0.2738975666841956
-11273.436956,960,7870.837099,0.2652761163297591
-11055.564863,952,7877.57914,0.275259384707559
-11792.225099,974,7884.439952,0.2643204910841027
-11847.089263,973,7891.331246,0.2747960349704235
-11868.074753,949,7898.043162,0.27140589558207456
-12430.872147,990,7905.092808,0.2759545822697445
-12687.727149,960,7911.838366,0.2764790515226892
-11784.222788,974,7918.74341,0.27325380028559065
-11272.826978,959,7925.489348,0.26699743401877923
-11135.172182,956,7932.269468,0.27430869679703396
-12370.055423,1004,7939.39682,0.2709087696202665
-11287.360935,956,7946.201613,0.2724741844691743
-11986.261375,977,7953.137814,0.26470797509193517
-11600.193494,956,7959.932393,0.2752999256508109
-11140.780552,956,7966.753458,0.271376293822473
-11187.602878,958,7973.503206,0.26534281270680243
-11341.367242,974,7980.411481,0.2728393763307951
-11260.417931,957,7987.204676,0.2640011022440886
-12965.677872,970,7994.349727,0.2717613327635642
-12243.568259,953,8001.034237,0.27451090747340595
-11202.506597,956,8007.853517,0.2719823282149689
-12414.775384,970,8014.759717,0.2761200872342999
-11195.977445,953,8021.521299,0.27272863545685555
-11154.444208,949,8028.268922,0.273156941844996
-16209.763112,1027,8035.551926,0.2662717612600228
-11628.770252,953,8042.339724,0.27435732877693497
-11882.484095,968,8049.289489,0.27651568943724514
-12353.34855,987,8056.478661,0.2769503676762439
-12082.162647,963,8063.291066,0.27712775583060145
-12064.140768,956,8070.13611,0.27459565662237184
-12485.241282,986,8077.156465,0.26989424520649646
-11983.99179,965,8083.969637,0.2769172223805213
-11287.729163,935,8090.65413,0.26381498758056277
-10906.742898,943,8097.342836,0.26404029843753524
-10960.067008,939,8103.945443,0.26890901598947814
-11626.740018,944,8110.651149,0.2667816094368687
-12600.759962,972,8117.690518,0.2728707289415786
-12697.50657,954,8124.425909,0.26707640502326924
-11600.577753,940,8131.011811,0.27596425261415547
-11615.707915,935,8137.607156,0.2757548898861545
-10940.787555,937,8144.216629,0.2656966789510875
-12629.61442,945,8151.048064,0.26734547069811593
-10879.989312,934,8157.750624,0.27577789785154333
-11129.819077,937,8164.654105,0.27445704050489317
-10914.392071,928,8171.553554,0.27327506561983966
-11464.655463,941,8178.456182,0.2654788367589946
-11185.222708,926,8185.228241,0.27550724510519514
-11320.253195,931,8191.933138,0.2725757755547238
-12793.042511,966,8198.793628,0.2762112740008978
-12158.327966,958,8205.565456,0.2686410437099874
-11945.568756,961,8212.35727,0.2693541561967039
-11216.506527,922,8219.20354,0.2716532637755742
-11158.250364,946,8226.035625,0.2652068464763687
-11211.142217,928,8232.616653,0.2754316648570545
-11004.140869,935,8239.268221,0.27243978331523594
-11403.355303,946,8246.006095,0.26809035771092316
-11205.266528,948,8252.729887,0.26693870270053455
-11278.408339,943,8259.474242,0.26687472119352973
-11096.9157,930,8266.06685,0.2667418594982758
-11218.856798,938,8272.712662,0.2740281553409437
-11263.431237,945,8279.41304,0.2688418069311154
-11872.615357,943,8286.044196,0.2703615593155083
-11067.393475,947,8292.797394,0.2719387525872062
-11133.566507,951,8299.472197,0.2640441764801625
-12437.112966,946,8306.170326,0.27071364199479026
-11508.065517,947,8312.89462,0.2650219237654907
-11159.31398,934,8319.490162,0.2713095418882117
-11349.343231,946,8326.215017,0.27112758264157455
-11357.967017,953,8333.053651,0.2760977253836434
-11324.312066,944,8339.745351,0.26785525028770363
-11456.343629,955,8346.477467,0.27216395565200047
-11132.175278,944,8353.109598,0.27669453144805256
-12313.418782,982,8360.071118,0.2660045111387145
-11784.710164,941,8366.701116,0.26541226840109583
-11491.016263,954,8373.43757,0.274094183480064
-11482.5562,948,8380.111356,0.2685186295383353
-12955.222099,982,8387.11109,0.2659531469976444
-11665.376873,954,8393.809974,0.2649035757804718
-11411.397495,944,8400.467663,0.2730670010696528
-11407.467275,953,8407.111501,0.2704229567870316
-12791.801865,977,8413.942481,0.2754349969383798
-11419.927327,949,8420.649527,0.2664227180373375
-11312.485271,942,8427.317049,0.27370983837978163
-11566.736584,952,8434.046701,0.26951352899731484
-11311.048966,948,8440.675805,0.268054307361558
-12038.69836,963,8447.456297,0.2672867564011016
-11340.775845,944,8454.061553,0.27573704547997135
-11273.092667,938,8460.698607,0.27682834468604856
-11174.085108,942,8467.407079,0.2666917622093042
-12257.348492,949,8474.112505,0.2723351165140423
-12910.096796,981,8481.008203,0.27038144722242285
-11523.275611,939,8487.677264,0.2727928058590891
-11195.022643,935,8494.29067,0.27592792470055827
-12703.592916,956,8501.057388,0.2754896381483434
-11742.950369,954,8507.724574,0.27390964951544017
-12826.319019,955,8514.560649,0.2682942625120892
-12748.756521,977,8521.431876,0.27581803324244375
-11462.39054,949,8528.106837,0.27404066387459614
-12141.09415,944,8534.767961,0.2651072178031605
-12468.39941,971,8541.620004,0.27593539962777297
-11234.93566,942,8548.291576,0.2724058109674722
-13196.809229,986,8555.281699,0.2677000727632563
-11861.913834,941,8562.096458,0.26790298091936826
-11297.853768,946,8568.815392,0.26382603738827165
-11113.666895,941,8575.494323,0.27375621797326744
-11257.779696,941,8582.160023,0.2759835609925098
-12935.973034,976,8589.034774,0.27311499657091004
-11913.030457,961,8595.778387,0.2652373377612526
-11563.650007,957,8602.496037,0.2745651290713579
-11365.999169,944,8609.154405,0.27640830759644663
-11285.928137,948,8615.874299,0.2760317884640476
-12074.140573,965,8622.692797,0.2665434090520845
-11482.817648,943,8629.362159,0.2745792744908146
-12164.790699,973,8636.202999,0.26929648888856084
-11925.223909,932,8642.7655,0.27533255587711364
-11015.180204,938,8649.406347,0.26809842013212726
-11164.065673,938,8655.986513,0.2755157919218509
-11805.956488,962,8662.765828,0.2672091886694145
-11316.019817,947,8669.414138,0.2687738705011967
-11678.120291,957,8676.131629,0.2658667205290883
-11003.585315,936,8682.734182,0.2643653489357454
-11179.888059,934,8689.265181,0.2735428008434843
-11874.309521,932,8695.86484,0.26713973020469534
-11282.164848,943,8702.484327,0.26631530607882214
-11947.267999,958,8709.197297,0.27279022476280884
-11117.464325,935,8715.770003,0.27285736063827504
-12595.565708,946,8722.438071,0.2678899839854951
-10907.854502,934,8728.95809,0.2737919299148629
-10969.324006,930,8735.523275,0.26984466511873617
-11310.210259,932,8742.159882,0.27400887622717157
-11608.258054,963,8748.916835,0.2685304432622583
-11014.921524,947,8755.586309,0.2755402644434585
-12751.251089,952,8762.234505,0.2738835792014343
-12372.708596,968,8769.132055,0.26555745863593583
-10910.306188,939,8775.700236,0.27625271039165294
-11914.98292,931,8782.220752,0.27370394629539146
-11025.084489,944,8788.847768,0.2650253725659867
-11281.269588,945,8795.516601,0.2676143161412709
-11281.353974,932,8802.077892,0.2717180614401603
-10995.114929,935,8808.678622,0.27298387913922245
-11016.059077,934,8815.473473,0.2757264414558268
-11121.174352,940,8822.540809,0.2693664497381614
-11316.819619,935,8829.124603,0.275546844841087
-12613.020342,943,8835.768568,0.27447315709546793
-10963.963197,939,8842.390571,0.2677173023517345
-12242.920777,948,8849.058673,0.27079148297952027
-11778.418745,937,8855.657509,0.2695219906883761
-11025.574834,941,8862.283585,0.27077217689566513
-11057.705025,941,8868.896912,0.27408349681331823
-11149.231708,937,8875.492973,0.2749138762398334
-11450.322393,952,8882.146945,0.27191759854310193
-10945.23336,943,8888.818401,0.27452935392453404
-11166.67372,946,8895.500675,0.27582262523445633
-12805.752067,952,8902.209504,0.2712977814985117
-12980.464971,949,8908.967617,0.265981685632786
-11419.169106,959,8915.843552,0.27046120355069636
-11085.731829,951,8922.569476,0.2720007880234113
-11420.026246,961,8929.428069,0.275591603445135
-12273.107994,991,8936.554811,0.27081558607974
-11807.603078,955,8943.290968,0.2710968153011078
-11701.9902,952,8950.004913,0.27120749572045433
-11274.043088,956,8956.73044,0.2723292158335009
-11931.964581,977,8963.61998,0.26646362999747664
-12435.408113,987,8970.587541,0.2768748073998819
-11092.640102,956,8977.3722,0.26955508102337866
-11377.803009,957,8984.136678,0.2676811415041334
-12471.76074,988,8991.222697,0.26562309006627927
-11250.795475,956,8998.006812,0.26864099718782775
-12776.684286,966,9004.842036,0.276399395107546
-11107.919411,945,9011.542215,0.26734560910205585
-13194.219262,972,9018.377768,0.276864209556285
-11048.192304,944,9025.085731,0.27039769168110706
-10972.966661,945,9031.799608,0.2715836788272156
-11641.501856,964,9038.655711,0.26417214362289904
-11419.385805,961,9045.549156,0.2690849405410272
-11809.651022,971,9052.593335,0.2666730637466115
-11308.029468,957,9059.415685,0.27017589727308483
-11348.931459,963,9066.309404,0.26932959526562794
-11247.616036,958,9073.17041,0.2660405984477949
-11159.281083,948,9079.94836,0.2687723648107975
-11389.192438,966,9086.762897,0.2647219177339298
-11579.60239,952,9093.44557,0.26771505252887673
-12016.848072,981,9100.313153,0.26987605542334747
-11918.636211,973,9107.169051,0.27588053594979434
-11928.896074,953,9113.875144,0.2758447498131506
-12674.357699,971,9120.793209,0.27161875028607374
-11644.729739,937,9128.099907,0.27445517858572654
-11718.64801,948,9134.764661,0.2701241524668356
-12548.221111,982,9141.703174,0.2649103771784877
-11977.179468,956,9148.581732,0.2689756583467724
-11473.49644,961,9155.422091,0.2724249313625718
-12417.764533,969,9162.265482,0.27320319065946963
-11259.508662,930,9168.853569,0.2703565761693668
-11227.901413,934,9175.518715,0.26662852792757025
-11604.460834,925,9182.069923,0.27219119013269355
-11974.379274,918,9188.56036,0.264526263105768
-12736.944133,963,9195.34743,0.2725238581995442
-12191.601356,962,9202.175866,0.2646439304670787
-11777.989379,955,9208.927758,0.27081648117584745
-11597.999335,929,9215.487327,0.2762945561677208
-11793.108113,954,9222.211734,0.26895372549977364
-11985.504536,938,9228.869664,0.2730955072643294
-12751.962675,941,9235.76164,0.2726911692478023
-12864.155281,981,9242.748744,0.2765928464343216
-11904.132387,1026,9249.996466,0.2716973439370073
-16317.266256,1425,9260.042179,0.5480917438420195
-12409.739224,934,9266.62316,0.6165491814419642
-11611.77809,944,9273.250755,0.26387787306338395
-11734.259972,940,9279.96056,0.27125627727070145
-12669.02442,942,9286.644309,0.27266897975980464
-12461.621926,932,9293.220273,0.4595564395627399
-12630.70271,962,9299.99754,0.2888463406890337
-11312.572249,946,9306.685323,0.27566513946371357
-13947.51863,951,9313.47573,0.3759446855389038
-12049.599197,965,9320.27904,0.2720307826577796
-11667.802273,945,9326.941132,0.26795458239231773
-11263.50011,944,9333.582763,0.2729093518762584
-11315.264491,939,9340.252191,0.2684209251496763
-12113.869835,961,9346.999423,0.2645248520936037
-13060.115214,962,9353.843036,0.27268825706605265
-12112.312022,971,9360.658629,0.2706268286553209
-11505.033427,939,9367.390892,0.2706525304874995
-11692.087568,940,9374.047582,0.27071280104579987
-11766.629622,953,9380.763953,0.2706255435595471
-11206.096752,939,9387.385507,0.2721355503942251
-11524.627843,953,9394.206231,0.27214309564047534
-11617.646452,959,9400.975686,0.2708874812957842
-13085.228754,994,9407.939421,0.27564113373772214
-11342.871075,948,9414.686385,0.2721141596220532
-11505.35172,961,9421.468571,0.2749957492009688
-11257.235809,969,9428.29991,0.2737313993194112
-13126.934521,968,9435.093952,0.27703521152771426
-11374.298473,961,9441.827058,0.27199897671818674
-11264.118497,963,9448.56823,0.26465686928339305
-12726.668603,971,9455.397026,0.3661645764105289
-13598.603413,998,9462.402394,0.2716592810957983
-11251.111039,966,9469.24356,0.2649107589011634
-12302.139932,967,9476.292399,0.27544325702136513
-11935.082096,973,9483.147842,0.2738976282615586
-11513.664455,969,9490.02572,0.27457742849003736
-12917.365831,971,9496.914974,0.2765702830333546
-11104.922521,950,9503.601111,0.27707880132247775
-11918.849063,966,9510.445873,0.26544002078256107
-11674.338061,973,9517.318335,0.2682701235168482
-13772.415282,959,9524.083209,0.33141520791014656
-13699.802703,991,9531.050159,0.27159327494206886
-13208.942193,967,9537.858878,0.26967406609141714
-11961.334857,966,9544.644606,0.2747160520996741
-12343.119493,940,9551.267896,0.4997441155224047
-11787.483385,975,9558.128228,0.2682471647982921
-11233.032147,962,9564.884832,0.2681486113698891
-11758.400933,954,9571.555379,0.27052693564759245
-13384.607825,953,9578.28609,0.27103398419391533
-12882.999921,931,9584.897896,0.5368754819174545
-12920.18347,971,9591.690763,0.27399257250361253
-13173.061516,984,9598.673197,0.2749608822164901
-12007.171001,978,9605.583328,0.2756514539105925
-11153.124325,952,9612.321074,0.27639902475002426
-12647.038954,966,9619.151969,0.2663609300159681
-11467.987448,964,9625.960579,0.27546966633523606
-11455.424897,958,9632.756364,0.2714729564614536
-11465.673015,962,9639.593463,0.26987103188603967
-11975.537063,961,9646.363002,0.27186994110682805
-12816.944911,969,9653.253217,0.27431261918678285
-11108.050541,951,9659.924755,0.26769134458065563
-11288.026995,953,9666.635903,0.26848848333040587
-11740.117458,963,9673.445397,0.2668786445279931
-12159.289534,959,9680.233947,0.2756652834656321
-12695.631391,982,9687.168109,0.29243700350652774
-12516.825527,960,9693.943439,0.27402120817518627
-11593.300057,960,9700.744552,0.2661666034611489
-11500.437703,955,9707.958611,0.26756116442511224
-10987.583044,944,9714.636843,0.2645708336443122
-12524.854325,973,9721.500054,0.2717346323210713
-12290.832906,974,9728.331414,0.26762103864093667
-12487.976726,966,9735.154231,0.26994033610981694
-11140.443492,952,9741.898403,0.2647732153588155
-11657.957721,958,9748.586798,0.276008005946786
-12542.460808,992,9755.553894,0.26652695522425396
-12124.017294,982,9762.500167,0.2688891938607623
-12405.151511,966,9769.276326,0.26936004281179493
-12699.105605,990,9776.614721,0.26594463388129164
-11688.375747,972,9783.480793,0.2715493159227724
-12783.867457,963,9790.334682,0.26562244281625896
-12787.541289,965,9797.137104,0.2702253496705278
-11448.078759,952,9803.891424,0.2646586133070549
-11648.70323,948,9810.586131,0.2752232036927955
-12446.023813,954,9817.658405,0.27230760159060813
-12919.967192,967,9824.689513,0.26663764725000216
-11316.108476,955,9831.494714,0.26877444822767615
-12150.173831,948,9838.211499,0.26682639289426957
-11653.51299,949,9844.942355,0.2757724350449212
-13656.004114,943,9851.692293,0.6296327567663804
-12374.769472,920,9858.202163,0.7685421658014734
-14210.763356,1004,9865.323074,0.7917079283380267
-12143.48432,896,9871.621141,1.2630503762179055
-12200.711759,909,9878.008549,1.0873477171016956
-13206.927912,937,9884.692591,0.6060104161617603
-12268.016314,927,9891.296616,0.6260665897933199
-11651.963135,948,9898.041314,0.2648410107430741
-12109.609458,924,9904.545968,0.5088233375437803
-10964.10827,486,9907.965372,6.112162424631372
-12499.278049,963,9914.772449,0.26517766025419864
-12102.935689,949,9921.49744,0.27119815514105383
-11298.13345,949,9928.204827,0.269043033870767
-12729.212215,963,9935.083804,0.2735159158786017
-11432.05213,948,9941.855976,0.27394022410716845
-11409.931767,951,9948.572173,0.2680023292100471
-12135.925107,970,9955.4319,0.2716850083564828
-11657.32409,954,9962.279946,0.27079615035141064
-11279.142972,350,9964.717818,10.665815723998591
-11365.986451,374,9967.477697,10.599308053405696
-12299.160198,970,9974.320806,0.2706951688855711
-11502.277637,957,9981.080829,0.27436179323168525
-11820.947479,956,9987.862439,0.2727606786062268
-12001.011333,952,9994.559324,0.2771397665163271
-12125.558565,954,10001.277569,0.27297768538369804
-12119.473497,959,10008.064777,0.26798871751854736
-11954.051761,953,10014.937276,0.2673961096117571
-12867.701696,994,10021.954135,0.2657897622624201
-11490.510313,959,10028.802786,0.26871434999685606
-12153.150139,974,10035.657986,0.270163916441319
-12933.468746,989,10042.737238,0.2644704743452999
-11640.26305,965,10049.594645,0.27376553853983526
-11385.933483,954,10056.341485,0.27645864475736415
-11740.184978,958,10063.059748,0.27705695120378104
-12432.926388,979,10070.872812,0.2682435496492613
-12322.619658,976,10078.851637,0.26918744551348417
-13015.966518,985,10086.209811,0.2682554363238017
-11243.757507,950,10093.418684,0.26771582610453964
-11672.570124,948,10100.538888,0.2651933004861913
-11304.34512,947,10107.729278,0.2640573025841547
-12677.465476,979,10115.456691,0.2757512842671889
-11887.236561,946,10122.705354,0.27635225798658725
-11017.896945,940,10129.888738,0.26897924874363305
-11309.503691,947,10136.946037,0.26369450713121556
-12262.334077,958,10144.173703,0.28029182843383604
-11236.901305,941,10151.288888,0.2702975734522479
-11978.227995,953,10158.458165,0.26378370769649134
-11415.249283,951,10165.677602,0.27505514781687856
-11555.693015,941,10172.769843,0.2686500080544745
-11681.145386,947,10180.049732,0.26642908305665713
-12760.387491,952,10187.167423,0.26916360174455256
-11234.985367,934,10194.335767,0.27098239935830243
-11413.231036,944,10201.52916,0.26979842906104934
-12523.818705,950,10208.727317,0.2687185851347573
-11051.859298,934,10215.74015,0.26450885145530884
-11523.373443,944,10222.914675,0.272667377247942
-11412.207709,945,10230.053876,0.2763313403171448
-11251.187319,943,10237.175651,0.268279567676264
-11555.533425,952,10244.381586,0.27576527230011644
-11281.39492,951,10251.479357,0.27200072139594317
-11685.961113,957,10258.709669,0.26727125259874873
-12529.632574,976,10266.027316,0.2659148562175262
-12152.332087,964,10273.398176,0.27088323599999264
-12092.585545,965,10280.739056,0.2720045123943266
-12820.827776,960,10288.026725,0.27088248432543
-11883.201615,943,10295.197009,0.2705967981364838
-11948.488818,958,10302.417316,0.27687896486223307
-11943.156195,964,10309.666383,0.2752724291730705
-11822.450013,959,10317.037794,0.272803039348571
-11315.442404,949,10324.135388,0.2751117981658269
-12556.469863,970,10331.523957,0.2730155861095639
-10913.233143,930,10338.609892,0.2713463421999558
-12668.47947,951,10345.762347,0.27107637298584203
-11446.124699,953,10352.96717,0.27582596385335356
-12881.403721,974,10360.28384,0.2714665670185319
-11278.868271,938,10367.467812,0.2668853081214436
-12256.215538,949,10374.682125,0.27692408012266834
-11009.973738,936,10381.747723,0.2654055891526259
-11199.2508,929,10389.214842,0.2725876238765645
-12524.162547,976,10396.665786,0.27333540372509557
-11779.961856,959,10403.913759,0.26439992368608856
-11610.443724,517,10407.876069,5.958390819058865
-11347.740166,942,10414.926987,0.2756527832808587
-11180.104932,937,10421.944847,0.2768411706396397
-12016.712955,958,10429.175999,0.2763447469753058
-11103.712369,934,10436.226864,0.2764832803278579
-11353.361792,943,10443.354902,0.263566501768116
-12067.470817,955,10450.574364,0.26655764427878764
-11142.044068,935,10457.698546,0.2666741525844609
-11178.071167,926,10464.616083,0.273238157438064
-11358.396474,935,10471.685939,0.27271535250745627
-11238.498982,940,10478.75625,0.27082324067134894
-11478.231968,947,10485.911942,0.268822281116281
-11159.958836,931,10492.989602,0.26992552576475165
-11533.386224,933,10500.187753,0.27428470507992914
-11191.474344,932,10507.278951,0.27225563946392817
-11043.035796,933,10514.331557,0.27134223242433186
-12504.117687,941,10521.436744,0.26372096428313524
-11136.814189,936,10528.501296,0.2691559667634943
-11984.17337,959,10535.74511,0.2720564257596327
-12285.654038,989,10543.20243,0.2745448037288179
-12443.560817,943,10550.299074,0.270402586978969
-11227.983966,935,10557.405978,0.2712026304314906
-11910.040019,952,10564.663185,0.2763608175769818
-11045.006344,939,10571.825941,0.2760969361790424
-12851.489069,954,10579.062275,0.2682464847036041
-11260.077549,926,10586.046399,0.2663200655247056
-11080.941666,940,10593.097402,0.27040462947339905
-11309.119623,993,10600.667066,0.2665843015955433
-12593.413724,981,10608.105444,0.26748181819245936
-13540.54759,983,10615.575646,0.2713435318307889
-11363.200342,957,10622.729288,0.2760439561236733
-11272.696178,948,10629.946055,0.27018184388850663
-11605.404853,984,10637.387336,0.2670244494644598
-12003.229172,966,10644.726208,0.27706230674589055
-10940.336111,932,10651.701002,0.2668099460531132
-12161.016053,969,10659.139956,0.2696980689952983
-11873.250086,938,10666.255385,0.2675419520036787
-12001.263708,952,10673.480482,0.26361012639710046
-11041.870013,937,10680.517162,0.26577658919379304
-11645.466822,948,10687.722739,0.27432272220520254
-11287.940774,947,10694.832637,0.27575790988532334
-12606.877891,958,10702.157538,0.275947144000502
-11915.780995,961,10709.427,0.26487903641155247
-11301.553489,956,10716.74205,0.26687304005676876
-11818.453174,958,10723.978935,0.2729181919118091
-11487.673291,955,10731.259747,0.27286986297454896
-11037.329147,940,10738.477667,0.2761169754237252
-12529.88166,959,10745.640763,0.26780160881526216
-12438.647634,972,10753.146641,0.2767750075265424
-12399.428313,975,10760.514317,0.2670778063230372
-12624.040102,980,10767.914955,0.26671907462512634
-12684.562382,493,10771.73649,6.102686424404667
-11733.093152,935,10778.865434,0.26869462026153756
-11346.333085,949,10786.148506,0.26483735070422876
-10983.67101,943,10793.495192,0.27226793423859474
-11350.191835,950,10800.719487,0.26484704211068955
-10982.306577,939,10807.842032,0.27485513109486204
-12152.691753,949,10815.047527,0.2734866261939348
-11177.527561,940,10822.222873,0.26578916089438737
-11184.137935,934,10829.260167,0.2676041557720468
-12700.335964,979,10836.692141,0.2649562852709959
-11236.619653,940,10843.848338,0.2726296796959757
-11055.778002,943,10850.971578,0.2706017991394275
-11293.886538,944,10858.119722,0.2735806922333054
-12507.04865,968,10865.489914,0.27280949091477347
-11594.381522,954,10872.737724,0.270660323606831
-12738.102651,1001,10880.387583,0.2663465953112699
-12674.211881,971,10887.790102,0.26568026279359225
-11448.72314,931,10894.733742,0.26986178768259306
-11959.016618,961,10902.045889,0.2635036555318503
-10966.260501,930,10909.087614,0.27677711058066296
-11200.859204,948,10915.941539,0.26950473758230625
-12541.932079,934,10922.64301,0.26575719054126334
-11574.006135,948,10929.437056,0.26855676557056757
-11008.784932,951,10936.798528,0.2677021220860629
-11037.614186,944,10943.778035,0.2659133588625189
-12077.884679,951,10950.537276,0.26642686873489285
-12552.966518,963,10957.386288,0.2728376393964122
-12618.093088,936,10964.044781,0.2688385223558257
-12597.846212,974,10970.967359,0.2676354929790467
-11971.444781,945,10977.634444,0.27335675047778973
-11635.447968,968,10984.486791,0.2730240315168805
-12158.44774,947,10991.191296,0.26990627960373076
-11313.081914,958,10998.014187,0.266039919834308
-11297.764883,932,11004.6219,0.26713505972415924
-11468.920621,966,11011.4786,0.27139738175624784
-11372.610587,955,11018.274216,0.27531872074279146
-12587.981141,982,11025.20025,0.2748407188392598
-12994.450721,938,11031.833493,0.2743025279244954
-11535.787863,954,11038.569423,0.266262111458916
-11054.036621,923,11045.085111,0.2769163158597778
-11644.420214,929,11051.660858,0.2744634186243144
-11156.005216,943,11058.314655,0.2650000052028052
-11249.316674,950,11065.044268,0.27431571155668183
-11236.865434,949,11071.701761,0.27656879431784254
-11844.220025,959,11078.482284,0.27495571489152265
-11554.519893,953,11085.249052,0.27332423392730304
-11341.290525,947,11091.921421,0.2664924030480899
-12849.733937,1050,11099.314333,0.27192976704071303
-11650.592141,1015,11106.495929,0.27033613037114923
-11990.160826,955,11113.267767,0.26386723870472256
-12090.904044,937,11119.904448,0.26472912803797327
-11617.169782,962,11126.740654,0.2658419932014406
-13390.357027,950,11133.479303,0.2647996031432189
-12265.603121,959,11140.249908,0.26913548080427707
-11838.705387,951,11146.931075,0.27572905056673663
-11326.263668,939,11153.659974,0.2710453118644188
-13261.720343,954,11160.38267,0.2661812874453588
-13003.77972,974,11167.329153,0.27174625896751897
-11461.445057,951,11174.265104,0.2646457747948654
-11278.920103,942,11181.054681,0.2759771286443902
-12720.498443,966,11187.961174,0.2729359163967703
-11679.137363,963,11194.7657,0.2715677629234565
-11238.089219,940,11201.422025,0.2759460313817248
-11729.679243,951,11208.145923,0.2666827141001513
-11326.932459,944,11214.807398,0.2711382276717427
-11764.757804,948,11221.534559,0.2764249448348772
-11782.681282,960,11228.317496,0.2666458749526252
-11393.998146,952,11235.018881,0.2668246931255545
-13042.904759,993,11242.058009,0.26500755454636693
-12289.074956,953,11248.810794,0.2810060129687218
-11530.60468,969,11255.655326,0.2694533955382027
-11491.940549,973,11262.515079,0.26500005957339706
-12208.945671,946,11269.198337,0.32084713647462765
-12105.594815,943,11275.872433,0.27583853524303126
-11431.835052,950,11282.609166,0.2753894488843516
-11500.506815,957,11289.416228,0.26993456665880905
-12538.414233,937,11296.016679,0.33677541016666934
-11690.006162,946,11302.70529,0.264891397188542
-11337.812233,949,11309.427395,0.2735483272127368
-11113.944426,936,11316.049792,0.27131153390562335
-12926.723568,966,11322.870931,0.2662639289645272
-11256.292605,938,11329.501497,0.27259838979352663
-11383.88138,940,11336.151834,0.2744170590138313
-11870.609572,959,11342.892561,0.2763204787841593
-13372.38513,986,11349.905866,0.26563123118817994
-12257.009412,970,11356.77613,0.271291568178173
-26019.268584,5001,11392.092508,4.5846505196962735
-11246.193879,478,11395.460479,6.3310840231022905
-15088.212217,746,11400.741652,8.684796448802212
-15978.755625,644,11405.277496,10.132630442411351
-15888.690634,1611,11416.655771,0.27962735538871303
-14185.284267,1039,11423.991716,0.27481759251025506
-13527.73606,1025,11431.245106,0.34265827119721254
-13289.300891,1027,11438.509981,0.26782442332320056
-12863.212614,975,11445.489383,0.3518919374060726
-13292.625545,998,11452.496268,0.33665683287084036
-12969.931374,989,11459.420706,0.3412265040577808
-13015.586421,969,11466.212792,0.35179148964818474
-14106.611677,1014,11473.516987,0.3561753019987434
-14193.885538,1020,11480.969694,0.36801205019008865
